ocorrencia_cidade,ocorrencia_aerodromo,ocorrencia_dia,ocorrencia_hora,ocorrencia_classificacao
SÃO PAULO,Unkown,2010-01-15,15:00:00,INCIDENTE
SANTOS,Unkown,2010-01-15,17:45:00,INCIDENTE
SOROCABA,Unkown,2010-01-20,13:10:00,INCIDENTE
CAMPINAS,Unkown,2010-01-21,20:45:00,INCIDENTE
GUARULHOS,SBGR,2010-01-25,17:05:00,INCIDENTE
SÃO JOSÉ DO RIO PRETO,SBSR,2010-02-07,22:59:00,INCIDENTE
CAMPINAS,Unkown,2010-02-08,12:33:00,INCIDENTE
SÃO PAULO,Unkown,2010-02-18,10:10:00,INCIDENTE
CAMPINAS,Unkown,2010-02-28,09:00:00,INCIDENTE
SÃO PAULO,Unkown,2010-03-04,23:50:00,INCIDENTE
GUARULHOS,SBGR,2010-03-08,00:49:00,INCIDENTE
GUARULHOS,SBGR,2010-03-11,03:00:00,INCIDENTE
GUARULHOS,SBGR,2010-03-15,09:57:00,INCIDENTE
SÃO PAULO,SBSP,2010-03-18,12:10:00,INCIDENTE
GUARULHOS,SBGR,2010-03-18,03:00:00,INCIDENTE
GUARULHOS,SBGR,2010-03-25,03:00:00,INCIDENTE
PENÁPOLIS,Unkown,2010-03-30,20:45:00,INCIDENTE
CAMPINAS,SBKP,2010-04-08,20:30:00,INCIDENTE
AREALVA,Unkown,2010-04-12,14:03:00,INCIDENTE
SÃO JOSÉ DOS CAMPOS,SBSJ,2010-04-12,17:17:00,INCIDENTE
MARÍLIA,SBML,2010-04-12,13:00:00,INCIDENTE
SÃO PAULO,SBSP,2010-04-14,01:42:00,INCIDENTE
PIRASSUNUNGA,SDPY,2010-04-15,20:15:00,INCIDENTE GRAVE
SÃO PAULO,Unkown,2010-04-15,20:20:00,INCIDENTE
CAMPINAS,Unkown,2010-04-21,17:01:00,INCIDENTE
SÃO PAULO,Unkown,2010-05-04,18:00:00,INCIDENTE
SÃO JOSÉ DOS CAMPOS,SBSJ,2010-05-04,13:19:00,INCIDENTE
GUARULHOS,SBGR,2010-05-06,15:50:00,INCIDENTE GRAVE
SÃO PAULO,SBSP,2010-05-12,19:52:00,INCIDENTE
MARÍLIA,SBML,2010-05-14,18:25:00,INCIDENTE
SÃO PAULO,Unkown,2010-05-20,03:00:00,INCIDENTE
CAMPINAS,SDAM,2010-05-21,15:40:00,INCIDENTE
CAMPINAS,Unkown,2010-06-03,13:00:00,INCIDENTE
GUARULHOS,SBGR,2010-06-04,01:05:00,INCIDENTE
GUARULHOS,SBGR,2010-06-05,19:12:00,INCIDENTE
SÃO PAULO,SBMT,2010-06-08,19:30:00,INCIDENTE GRAVE
CAMPINAS,SBKP,2010-06-13,12:45:00,INCIDENTE
SÃO PAULO,Unkown,2010-06-15,00:38:00,INCIDENTE
SÃO PAULO,Unkown,2010-06-17,22:30:00,INCIDENTE
SÃO PAULO,SBMT,2010-06-20,17:40:00,INCIDENTE
GUARULHOS,SBGR,2010-06-25,21:30:00,INCIDENTE
RIBEIRÃO PRETO,Unkown,2010-06-27,12:30:00,INCIDENTE
CAMPINAS,SBKP,2010-06-30,19:37:00,INCIDENTE
GUARULHOS,SBGR,2010-07-02,13:30:00,INCIDENTE
MARÍLIA,SBML,2010-07-07,18:07:00,INCIDENTE
SÃO PAULO,SBMT,2010-07-29,20:06:00,INCIDENTE GRAVE
SÃO PAULO,SBMT,2010-07-30,12:30:00,INCIDENTE
BAURU,SBAE,2010-08-02,11:04:00,INCIDENTE
SÃO JOSÉ DO RIO PRETO,SBSR,2010-08-05,12:01:00,INCIDENTE GRAVE
SÃO PAULO,Unkown,2010-08-19,17:00:00,INCIDENTE
SÃO JOSÉ DOS CAMPOS,SBSJ,2010-08-20,13:18:00,INCIDENTE
AREALVA,Unkown,2010-08-23,15:15:00,INCIDENTE
CAMPINAS,SBKP,2010-08-25,02:11:00,INCIDENTE
SÃO PAULO,Unkown,2010-08-26,11:05:00,INCIDENTE
CAMPINAS,SBKP,2010-08-31,22:24:00,INCIDENTE
GUARULHOS,SBGR,2010-09-03,16:14:00,INCIDENTE
SÃO PAULO,SBMT,2010-09-04,13:00:00,INCIDENTE
PIRACICABA,SDPW,2010-09-10,11:10:00,INCIDENTE GRAVE
SÃO PAULO,SBSP,2010-09-13,19:05:00,INCIDENTE GRAVE
GUARULHOS,SBGR,2010-09-19,17:30:00,INCIDENTE
GUARULHOS,SBGR,2010-09-26,22:32:00,INCIDENTE
SÃO PAULO,SBMT,2010-09-27,19:50:00,INCIDENTE
BEBEDOURO,Unkown,2010-10-05,16:00:00,INCIDENTE
GUARULHOS,Unkown,2010-10-05,23:45:00,INCIDENTE
BAURU,SBBU,2010-10-07,20:00:00,INCIDENTE
RIBEIRÃO PRETO,SBRP,2010-10-14,20:36:00,INCIDENTE
AMERICANA,Unkown,2010-10-17,15:05:00,INCIDENTE
CAMPINAS,SBKP,2010-10-19,02:40:00,INCIDENTE
GUARULHOS,SBGR,2010-10-22,20:10:00,INCIDENTE
ITANHAÉM,Unkown,2010-10-24,14:40:00,INCIDENTE
SOROCABA,Unkown,2010-10-27,17:30:00,INCIDENTE
SÃO JOSÉ DO RIO PRETO,SBSR,2010-10-28,16:10:00,INCIDENTE
SÃO PAULO,SBMT,2010-10-28,18:35:00,INCIDENTE GRAVE
SÃO PAULO,SBSP,2010-10-30,13:05:00,INCIDENTE
GUARULHOS,SBGR,2010-10-30,21:49:00,INCIDENTE
SÃO PAULO,Unkown,2010-11-08,14:30:00,INCIDENTE
SÃO PAULO,Unkown,2010-11-16,13:20:00,INCIDENTE
GUARULHOS,SBGR,2010-11-18,05:35:00,INCIDENTE
BROTAS,Unkown,2010-11-24,19:10:00,INCIDENTE GRAVE
CAMPINAS,SBKP,2010-11-25,08:44:00,INCIDENTE
SÃO PAULO,SBSP,2010-12-01,17:56:00,INCIDENTE
ARARAQUARA,Unkown,2010-12-05,00:27:00,INCIDENTE
SÃO PAULO,SBSP,2010-12-26,22:10:00,INCIDENTE
RIBEIRÃO PRETO,SBRP,2011-01-01,19:35:00,INCIDENTE GRAVE
BAURU,SBBU,2011-01-05,22:06:00,INCIDENTE
COLINA,Unkown,2011-01-06,11:30:00,INCIDENTE
SÃO PAULO,Unkown,2011-01-09,18:58:00,INCIDENTE
CAMPINAS,Unkown,2011-01-10,16:35:00,INCIDENTE
MARÍLIA,SBML,2011-01-11,09:10:00,INCIDENTE
ITIRAPINA,Unkown,2011-01-14,21:00:00,INCIDENTE
CAMPINAS,SBKP,2011-01-20,14:23:00,INCIDENTE
RIBEIRÃO PRETO,Unkown,2011-01-21,21:38:00,INCIDENTE
GUARULHOS,Unkown,2011-01-27,17:00:00,INCIDENTE
GUARULHOS,SBGR,2011-02-08,17:44:00,INCIDENTE
CAMPINAS,Unkown,2011-02-13,22:33:00,INCIDENTE
ITAPEVI,Unkown,2011-02-16,17:50:00,INCIDENTE
ARAÇATUBA,SBAU,2011-02-17,16:20:00,INCIDENTE
ARARAS,SDAA,2011-02-19,12:40:00,INCIDENTE GRAVE
BRAGANÇA PAULISTA,SBBP,2011-02-21,12:20:00,INCIDENTE
RIBEIRÃO PRETO,Unkown,2011-02-27,19:00:00,INCIDENTE
RIBEIRÃO PRETO,Unkown,2011-02-28,12:20:00,INCIDENTE
RIBEIRÃO PRETO,SBRP,2011-03-02,18:51:00,INCIDENTE
RIBEIRÃO PRETO,Unkown,2011-03-03,15:22:00,INCIDENTE
SÃO PAULO,Unkown,2011-03-06,19:40:00,INCIDENTE
GUARULHOS,SBGR,2011-03-11,17:02:00,INCIDENTE
RIBEIRÃO PRETO,SBRP,2011-03-15,02:18:00,INCIDENTE
GUARULHOS,SBGR,2011-03-20,21:05:00,INCIDENTE
SOROCABA,Unkown,2011-03-22,10:55:00,INCIDENTE
SÃO PAULO,SBSP,2011-03-25,23:43:00,INCIDENTE
JUNDIAÍ,Unkown,2011-03-27,12:37:00,INCIDENTE
SÃO PAULO,SBSP,2011-03-28,23:30:00,INCIDENTE
RIBEIRÃO PRETO,Unkown,2011-03-30,02:18:00,INCIDENTE
ARAÇATUBA,Unkown,2011-04-04,11:54:00,INCIDENTE
GUARULHOS,SBGR,2011-04-05,19:58:00,INCIDENTE
SÃO PAULO,Unkown,2011-04-12,23:45:00,INCIDENTE
RIBEIRÃO PRETO,SBRP,2011-04-14,16:10:00,INCIDENTE
ITIRAPINA,SDJA,2011-04-14,03:00:00,INCIDENTE
RIBEIRÃO PRETO,Unkown,2011-04-18,17:01:00,INCIDENTE
SÃO PAULO,Unkown,2011-04-26,22:58:00,INCIDENTE
SÃO PAULO,Unkown,2011-05-03,18:40:00,INCIDENTE
SÃO PAULO,SBMT,2011-05-04,15:10:00,INCIDENTE
JUNDIAÍ,Unkown,2011-05-06,05:30:00,INCIDENTE
SÃO PAULO,Unkown,2011-05-12,02:30:00,INCIDENTE
RIBEIRÃO PRETO,SBRP,2011-05-15,13:12:00,INCIDENTE
RIBEIRÃO PRETO,Unkown,2011-05-16,10:43:00,INCIDENTE
GUARULHOS,Unkown,2011-06-03,18:27:00,INCIDENTE
AMERICANA,Unkown,2011-06-04,14:00:00,INCIDENTE GRAVE
ITIRAPINA,SDJA,2011-06-17,12:00:00,INCIDENTE
SÃO JOSÉ DO RIO PRETO,SBSR,2011-06-18,20:16:00,INCIDENTE
SÃO PAULO,SBMT,2011-06-28,16:20:00,INCIDENTE
GUARULHOS,SBGR,2011-06-30,15:40:00,INCIDENTE
SÃO PAULO,Unkown,2011-07-01,19:35:00,INCIDENTE
GUARULHOS,SBGR,2011-07-08,22:35:00,INCIDENTE
GUARULHOS,SBGR,2011-07-14,11:07:00,INCIDENTE
GUARULHOS,Unkown,2011-07-20,03:00:00,INCIDENTE
SÃO PAULO,Unkown,2011-08-02,20:00:00,INCIDENTE
JUNDIAÍ,SBJD,2011-08-05,23:55:00,INCIDENTE
SOROCABA,Unkown,2011-08-05,18:30:00,INCIDENTE
SOROCABA,Unkown,2011-08-06,19:40:00,INCIDENTE GRAVE
RIBEIRÃO PRETO,Unkown,2011-08-09,20:00:00,INCIDENTE
SÃO PAULO,Unkown,2011-08-15,14:40:00,INCIDENTE
SÃO PAULO,SBSP,2011-08-22,14:39:00,INCIDENTE
SÃO PAULO,SBMT,2011-08-25,23:04:00,INCIDENTE
SOROCABA,SDCO,2011-09-04,13:38:00,INCIDENTE
ARAÇATUBA,SBAU,2011-09-06,23:30:00,INCIDENTE
GUARULHOS,SBGR,2011-09-20,11:30:00,INCIDENTE
SÃO JOSÉ DO RIO PRETO,SBSR,2011-09-22,09:13:00,INCIDENTE
SÃO JOSÉ DO RIO PRETO,SBSR,2011-09-24,09:10:00,INCIDENTE
GUARULHOS,SBGR,2011-09-27,22:16:00,INCIDENTE
RIBEIRÃO PRETO,Unkown,2011-10-03,14:59:00,INCIDENTE
BEBEDOURO,SDBB,2011-10-03,20:00:00,INCIDENTE
PIRACICABA,SDPW,2011-10-11,18:10:00,INCIDENTE
SÃO JOSÉ DOS CAMPOS,SBSJ,2011-10-13,20:17:00,INCIDENTE
SÃO PAULO,SBMT,2011-10-14,14:45:00,INCIDENTE
SÃO PAULO,SBSP,2011-10-16,19:22:00,INCIDENTE GRAVE
PIRACICABA,SDPW,2011-10-23,12:30:00,INCIDENTE
PIQUETE,Unkown,2011-10-25,20:35:00,INCIDENTE
BURITAMA,SIBX,2011-10-25,19:15:00,INCIDENTE
SOROCABA,SDCO,2011-10-25,14:40:00,INCIDENTE
GUARULHOS,SBGR,2011-10-27,14:31:00,INCIDENTE
BRAGANÇA PAULISTA,SBBP,2011-10-28,15:20:00,INCIDENTE
ARAÇATUBA,SBAU,2011-11-08,21:30:00,INCIDENTE
GUARULHOS,Unkown,2011-11-23,18:32:00,INCIDENTE
ATIBAIA,SDTB,2011-11-24,12:40:00,INCIDENTE GRAVE
SÃO PAULO,SBMT,2011-11-25,11:35:00,INCIDENTE
GUARULHOS,SBGR,2011-12-03,01:30:00,INCIDENTE
GUARULHOS,SBGR,2011-12-10,17:38:00,INCIDENTE
CAMPINAS,Unkown,2011-12-11,14:13:00,INCIDENTE
GUARULHOS,SBGR,2011-12-13,19:59:00,INCIDENTE
SÃO PAULO,Unkown,2011-12-17,14:00:00,INCIDENTE
BEBEDOURO,SDBB,2011-12-23,20:40:00,INCIDENTE GRAVE
SÃO PAULO,Unkown,2011-12-28,03:17:00,INCIDENTE
GUARULHOS,Unkown,2011-12-29,09:00:00,INCIDENTE
GUARULHOS,SBGR,2011-12-29,14:11:00,INCIDENTE
UBATUBA,Unkown,2012-01-06,14:30:00,INCIDENTE
CAMPINAS,SDAI,2012-01-07,18:15:00,INCIDENTE GRAVE
SÃO PAULO,SBMT,2012-01-21,11:15:00,INCIDENTE
SÃO PAULO,SBMT,2012-01-25,23:00:00,INCIDENTE
RIBEIRÃO PRETO,Unkown,2012-01-25,09:30:00,INCIDENTE
PIRACICABA,SDPW,2012-02-06,20:45:00,INCIDENTE
ITANHAÉM,Unkown,2012-02-06,14:00:00,INCIDENTE
SÃO PAULO,SBSP,2012-02-06,18:44:00,INCIDENTE
JUNDIAÍ,SBJD,2012-02-07,20:50:00,INCIDENTE
PERUÍBE,Unkown,2012-02-17,14:45:00,INCIDENTE
SÃO PAULO,Unkown,2012-02-17,11:30:00,INCIDENTE
BRAGANÇA PAULISTA,SBBP,2012-02-20,14:10:00,INCIDENTE GRAVE
GUARULHOS,SBGR,2012-02-24,20:04:00,INCIDENTE GRAVE
BRAGANÇA PAULISTA,SBBP,2012-02-27,19:15:00,INCIDENTE GRAVE
SÃO JOSÉ DO RIO PRETO,Unkown,2012-03-03,13:00:00,INCIDENTE
SÃO PAULO,Unkown,2012-03-03,11:30:00,INCIDENTE
GUARULHOS,SBGR,2012-03-07,17:40:00,INCIDENTE
RIBEIRÃO PRETO,SBRP,2012-03-10,12:25:00,INCIDENTE
CAMPINAS,Unkown,2012-03-11,17:30:00,INCIDENTE
RIBEIRÃO PRETO,Unkown,2012-03-11,22:42:00,INCIDENTE
FRANCA,Unkown,2012-03-15,14:35:00,INCIDENTE
FRANCO DA ROCHA,Unkown,2012-03-16,18:40:00,INCIDENTE
GUARULHOS,Unkown,2012-03-20,16:10:00,INCIDENTE
RIBEIRÃO PRETO,SBRP,2012-03-26,20:38:00,INCIDENTE
SÃO PAULO,SBSP,2012-03-27,16:00:00,INCIDENTE
CAMPINAS,Unkown,2012-03-28,19:30:00,INCIDENTE
GUARULHOS,Unkown,2012-04-01,13:30:00,INCIDENTE
SÃO PAULO,Unkown,2012-04-02,18:32:00,INCIDENTE
BAURU,SBBU,2012-04-04,20:20:00,INCIDENTE
BRAGANÇA PAULISTA,SBBP,2012-04-11,12:00:00,INCIDENTE GRAVE
GUARULHOS,SBGR,2012-04-27,03:54:00,INCIDENTE
GUARULHOS,SBGR,2012-05-01,23:30:00,INCIDENTE
SÃO JOSÉ DO RIO PRETO,SBSR,2012-05-16,11:00:00,INCIDENTE
RIBEIRÃO PRETO,Unkown,2012-05-18,17:56:00,INCIDENTE
ITÁPOLIS,Unkown,2012-05-18,19:45:00,INCIDENTE
SÃO PAULO,Unkown,2012-05-18,15:00:00,INCIDENTE GRAVE
CAMPINAS,SBKP,2012-05-19,10:28:00,INCIDENTE
BOTUCATU,SDBK,2012-05-22,13:30:00,INCIDENTE
JUNDIAÍ,SBJD,2012-05-24,19:23:00,INCIDENTE
SALTO DE PIRAPORA,SDBN,2012-05-25,20:15:00,INCIDENTE GRAVE
SÃO PAULO,SBSP,2012-05-25,15:40:00,INCIDENTE
SÃO PAULO,SBMT,2012-05-26,19:30:00,INCIDENTE
JUNDIAÍ,SBJD,2012-06-01,16:54:00,INCIDENTE
JUNDIAÍ,SBJD,2012-06-03,20:28:00,INCIDENTE
SÃO PAULO,SBSP,2012-06-16,13:15:00,INCIDENTE
GUARULHOS,SBGR,2012-06-17,13:36:00,INCIDENTE
ARARAS,SDAA,2012-06-19,13:40:00,INCIDENTE
GUARULHOS,SBGR,2012-06-21,13:55:00,INCIDENTE
MOGI DAS CRUZES,Unkown,2012-06-22,20:20:00,INCIDENTE
SÃO JOSÉ DOS CAMPOS,SBSJ,2012-06-24,11:40:00,INCIDENTE
JUNDIAÍ,SBJD,2012-06-25,15:18:00,INCIDENTE
SÃO PAULO,SBSP,2012-06-29,01:35:00,INCIDENTE
GUARULHOS,Unkown,2012-07-03,02:55:00,INCIDENTE
GUARULHOS,Unkown,2012-07-06,09:30:00,INCIDENTE
CAMPINAS,SBKP,2012-07-09,22:55:00,INCIDENTE
SÃO PAULO,SBMT,2012-07-11,19:50:00,INCIDENTE
SÃO PAULO,Unkown,2012-07-13,18:50:00,INCIDENTE
CAMPINAS,Unkown,2012-07-17,23:14:00,INCIDENTE
JUNDIAÍ,SBJD,2012-07-23,18:55:00,INCIDENTE GRAVE
PIRACICABA,SDPW,2012-07-28,16:00:00,INCIDENTE
JUNDIAÍ,SBJD,2012-07-29,14:46:00,INCIDENTE GRAVE
SÃO PAULO,Unkown,2012-07-29,15:05:00,INCIDENTE
JUNDIAÍ,SBJD,2012-08-03,20:00:00,INCIDENTE
SOROCABA,SDCO,2012-08-04,23:00:00,INCIDENTE
TATUÍ,SDTF,2012-08-08,15:00:00,INCIDENTE
JUNDIAÍ,SBJD,2012-08-12,15:15:00,INCIDENTE
ITÁPOLIS,SDIO,2012-08-15,20:40:00,INCIDENTE GRAVE
CAMPINAS,SDAM,2012-08-17,15:05:00,INCIDENTE
SÃO PAULO,Unkown,2012-08-19,18:30:00,INCIDENTE
SÃO PAULO,SBSP,2012-08-21,00:30:00,INCIDENTE
SÃO PAULO,SBMT,2012-08-25,21:10:00,INCIDENTE
CAMPINAS,SDAM,2012-08-30,19:25:00,INCIDENTE GRAVE
UBATUBA,Unkown,2012-09-03,16:40:00,INCIDENTE
PRESIDENTE PRUDENTE,SBDN,2012-09-08,15:50:00,INCIDENTE
JUNDIAÍ,SBJD,2012-09-09,12:00:00,INCIDENTE GRAVE
ITUPEVA,Unkown,2012-09-15,17:30:00,INCIDENTE
JUNDIAÍ,SBJD,2012-09-16,22:03:00,INCIDENTE
JUNDIAÍ,SBJD,2012-09-23,13:30:00,INCIDENTE
SÃO PAULO,SBMT,2012-09-30,23:00:00,INCIDENTE
ARTUR NOGUEIRA,Unkown,2012-10-02,11:10:00,INCIDENTE GRAVE
GUARULHOS,SBGR,2012-10-05,19:38:00,INCIDENTE
CATANDUVA,SDCD,2012-10-07,15:30:00,INCIDENTE GRAVE
SÃO PAULO,SBMT,2012-10-15,17:42:00,INCIDENTE
CAMPINAS,SBKP,2012-10-17,11:35:00,INCIDENTE
CAMPINAS,Unkown,2012-10-20,22:43:00,INCIDENTE
GUARULHOS,SBGR,2012-10-27,21:12:00,INCIDENTE
AGUDOS,Unkown,2012-11-19,16:57:00,INCIDENTE
SÃO PAULO,SBMT,2012-11-20,15:40:00,INCIDENTE
SÃO PAULO,SBMT,2012-11-23,20:00:00,INCIDENTE
SÃO PAULO,SBMT,2012-11-24,12:33:00,INCIDENTE
CAMPINAS,SBKP,2012-11-27,00:11:00,INCIDENTE
CAMPINAS,SBKP,2012-11-28,07:15:00,INCIDENTE
GUARULHOS,SBGR,2012-12-06,18:20:00,INCIDENTE
JUNDIAÍ,SBJD,2012-12-08,10:20:00,INCIDENTE
SÃO PAULO,SBSP,2012-12-12,15:00:00,INCIDENTE
CAMPINAS,SDAM,2012-12-20,09:55:00,INCIDENTE GRAVE
RIBEIRÃO PRETO,SBRP,2012-12-21,09:43:00,INCIDENTE GRAVE
BRAGANÇA PAULISTA,SBBP,2012-12-21,14:30:00,INCIDENTE
BRAGANÇA PAULISTA,SBBP,2012-12-21,19:15:00,INCIDENTE
CAMPINAS,Unkown,2012-12-23,15:20:00,INCIDENTE
SÃO SEBASTIÃO,Unkown,2012-12-27,20:30:00,INCIDENTE
SÃO PAULO,Unkown,2012-12-28,16:30:00,INCIDENTE
UBATUBA,Unkown,2012-12-29,20:00:00,INCIDENTE
RIBEIRÃO PRETO,SBRP,2013-01-03,20:00:00,INCIDENTE
CAMPINAS,SBKP,2013-01-05,21:00:00,INCIDENTE
RIBEIRÃO PRETO,SBRP,2013-01-05,10:00:00,INCIDENTE
CAMPINAS,SBKP,2013-01-05,01:00:00,INCIDENTE
GUARULHOS,SBGR,2013-01-09,19:30:00,INCIDENTE
CAMPINAS,SDAM,2013-01-09,13:00:00,INCIDENTE
BOITUVA,Unkown,2013-01-11,21:50:00,INCIDENTE GRAVE
PRESIDENTE PRUDENTE,SBDN,2013-01-12,13:00:00,INCIDENTE
CAMPINAS,SBKP,2013-01-16,17:13:00,INCIDENTE
BIRITIBA-MIRIM,SDIH,2013-01-18,18:10:00,INCIDENTE
CAMPINAS,SBKP,2013-01-20,13:50:00,INCIDENTE
MARABÁ PAULISTA,SDNE,2013-01-25,11:15:00,INCIDENTE
BARRETOS,Unkown,2013-02-06,18:45:00,INCIDENTE
CAMPINAS,Unkown,2013-02-06,20:45:00,INCIDENTE
SÃO PAULO,SBMT,2013-02-07,13:15:00,INCIDENTE
CAÇAPAVA,SDIP,2013-02-13,15:30:00,INCIDENTE
CAMPINAS,SBKP,2013-02-14,22:00:00,INCIDENTE
UBATUBA,SDUB,2013-02-16,15:00:00,INCIDENTE GRAVE
PIRASSUNUNGA,Unkown,2013-02-16,09:20:00,INCIDENTE
RIBEIRÃO PRETO,SBRP,2013-02-21,20:21:00,INCIDENTE
ATIBAIA,SDVH,2013-02-23,17:00:00,INCIDENTE GRAVE
BOITUVA,SDOI,2013-02-24,14:00:00,INCIDENTE GRAVE
RIBEIRÃO PRETO,SBRP,2013-02-26,21:20:00,INCIDENTE
RIBEIRÃO PRETO,SBRP,2013-02-26,19:40:00,INCIDENTE
SÃO PAULO,SBMT,2013-02-27,21:59:00,INCIDENTE
CAMPINAS,SBKP,2013-02-27,13:50:00,INCIDENTE
AMERICANA,SDAI,2013-02-28,17:10:00,INCIDENTE
GUARULHOS,SBGR,2013-03-05,23:45:00,INCIDENTE
CAMPINAS,Unkown,2013-03-05,19:36:00,INCIDENTE
SÃO JOSÉ DO RIO PRETO,SBSR,2013-03-06,12:15:00,INCIDENTE
CAMPINAS,SBKP,2013-03-16,14:25:00,INCIDENTE
RIBEIRÃO PRETO,SBRP,2013-03-18,22:28:00,INCIDENTE
GUARATINGUETÁ,SBGW,2013-03-20,12:40:00,INCIDENTE
JUNDIAÍ,SBJD,2013-03-20,11:10:00,INCIDENTE
BIRITIBA-MIRIM,SDIH,2013-03-22,18:45:00,INCIDENTE GRAVE
RIBEIRÃO PRETO,SBRP,2013-03-25,20:40:00,INCIDENTE
RIBEIRÃO PRETO,SBRP,2013-03-25,18:25:00,INCIDENTE
CAMPINAS,SBKP,2013-03-26,16:40:00,INCIDENTE
BOTUCATU,SDBK,2013-03-27,20:25:00,INCIDENTE
GUARULHOS,SBGR,2013-03-28,10:35:00,INCIDENTE
TAUBATÉ,Unkown,2013-03-29,16:00:00,INCIDENTE GRAVE
GUARUJÁ,Unkown,2013-03-31,18:40:00,INCIDENTE
SÃO JOSÉ DOS CAMPOS,Unkown,2013-03-31,20:35:00,INCIDENTE
SÃO PAULO,SBSP,2013-04-09,15:45:00,INCIDENTE
BERTIOGA,Unkown,2013-04-18,14:10:00,INCIDENTE
JUNDIAÍ,SBJD,2013-04-21,14:55:00,INCIDENTE GRAVE
PRESIDENTE PRUDENTE,SBDN,2013-04-25,20:01:00,INCIDENTE
PRESIDENTE PRUDENTE,SBDN,2013-04-27,13:23:00,INCIDENTE
BRAGANÇA PAULISTA,SBBP,2013-04-30,13:30:00,INCIDENTE GRAVE
SÃO JOSÉ DOS CAMPOS,SBSJ,2013-05-03,19:00:00,INCIDENTE
SÃO PAULO,SBSP,2013-05-03,14:12:00,INCIDENTE
GUARULHOS,SBGR,2013-05-08,17:28:00,INCIDENTE
GUARULHOS,SBGR,2013-05-08,14:20:00,INCIDENTE
TIETÊ,SDET,2013-05-25,13:30:00,INCIDENTE GRAVE
ARARAS,SDAA,2013-05-31,19:30:00,INCIDENTE
ATIBAIA,SDTB,2013-06-01,20:20:00,INCIDENTE
GUARULHOS,SBGR,2013-06-03,23:13:00,INCIDENTE
GUARULHOS,SBGR,2013-06-04,16:23:00,INCIDENTE
GUARULHOS,SBGR,2013-06-07,15:04:00,INCIDENTE
SÃO PAULO,Unkown,2013-06-17,18:30:00,INCIDENTE
SÃO PAULO,SBMT,2013-06-20,18:20:00,INCIDENTE
GUARULHOS,SBGR,2013-06-24,00:45:00,INCIDENTE
PENÁPOLIS,SDPN,2013-06-25,12:30:00,INCIDENTE GRAVE
BRAGANÇA PAULISTA,SBBP,2013-06-29,16:30:00,INCIDENTE
JUNDIAÍ,SBJD,2013-07-05,18:40:00,INCIDENTE
PIRASSUNUNGA,SDPY,2013-07-06,19:00:00,INCIDENTE
SÃO PAULO,SBMT,2013-07-11,17:15:00,INCIDENTE
CAMPINAS,SBKP,2013-07-24,03:30:00,INCIDENTE
SOROCABA,Unkown,2013-07-25,08:40:00,INCIDENTE
MIGUELÓPOLIS,Unkown,2013-07-30,13:30:00,INCIDENTE
SÃO JOSÉ DOS CAMPOS,SBSJ,2013-08-10,15:50:00,INCIDENTE
RIBEIRÃO PRETO,SBRP,2013-08-16,19:30:00,INCIDENTE
JUNDIAÍ,SBJD,2013-08-17,06:30:00,INCIDENTE
JUNDIAÍ,SBJD,2013-08-17,11:30:00,INCIDENTE
RIBEIRÃO PRETO,SBRP,2013-08-18,19:04:00,INCIDENTE GRAVE
ANDRADINA,SDDN,2013-08-19,12:00:00,INCIDENTE
COSMÓPOLIS,Unkown,2013-08-23,16:33:00,INCIDENTE
BRAGANÇA PAULISTA,SBBP,2013-08-26,18:00:00,INCIDENTE GRAVE
CAMPINAS,Unkown,2013-09-08,23:49:00,INCIDENTE
SÃO PAULO,SBMT,2013-09-14,18:41:00,INCIDENTE
SÃO PAULO,SBMT,2013-09-24,14:50:00,INCIDENTE
SÃO JOSÉ DOS CAMPOS,SBSJ,2013-10-01,15:53:00,INCIDENTE
GUARULHOS,SBGR,2013-10-02,09:30:00,INCIDENTE
BRAGANÇA PAULISTA,SDJB,2013-10-10,16:40:00,INCIDENTE
SÃO PAULO,SBMT,2013-10-11,22:50:00,INCIDENTE GRAVE
RIBEIRÃO PRETO,SBRP,2013-10-11,20:36:00,INCIDENTE
CAMPINAS,Unkown,2013-10-18,16:15:00,INCIDENTE
BRAGANÇA PAULISTA,Unkown,2013-10-19,12:00:00,INCIDENTE
SÃO PAULO,SBMT,2013-10-25,15:00:00,INCIDENTE
TIETÊ,SDET,2013-10-31,19:00:00,INCIDENTE
GUARULHOS,SBGR,2013-11-02,16:00:00,INCIDENTE
BRAGANÇA PAULISTA,SBBP,2013-11-13,14:00:00,INCIDENTE
BIRITIBA-MIRIM,Unkown,2013-11-20,15:30:00,INCIDENTE
CAMPINAS,SBKP,2013-11-24,11:06:00,INCIDENTE
SÃO PAULO,Unkown,2013-12-05,20:00:00,INCIDENTE
SÃO JOSÉ DOS CAMPOS,SBSJ,2013-12-05,00:15:00,INCIDENTE
GUARULHOS,SBGR,2013-12-07,07:00:00,INCIDENTE
CAMPINAS,Unkown,2013-12-11,01:30:00,INCIDENTE
BRAGANÇA PAULISTA,SBBP,2013-12-18,20:14:00,INCIDENTE
RIBEIRÃO PRETO,SBRP,2013-12-18,17:14:00,INCIDENTE
PRESIDENTE PRUDENTE,SBDN,2013-12-18,11:40:00,INCIDENTE
CAMPINAS,Unkown,2013-12-19,19:30:00,INCIDENTE
SÃO BERNARDO DO CAMPO,Unkown,2013-12-22,17:40:00,INCIDENTE
GUARULHOS,SBGR,2013-12-26,23:40:00,INCIDENTE
SÃO PAULO,SBMT,2013-12-27,15:26:00,INCIDENTE
SÃO PAULO,SBMT,2014-01-02,19:30:00,INCIDENTE
CAMPINAS,Unkown,2014-01-15,20:28:00,INCIDENTE
GUARULHOS,SBGR,2014-01-17,13:05:00,INCIDENTE
RIBEIRÃO PRETO,SBRP,2014-01-17,15:41:00,INCIDENTE
SÃO JOSÉ DO RIO PRETO,SBSR,2014-01-18,12:39:00,INCIDENTE
JUNDIAÍ,SBJD,2014-01-21,21:00:00,INCIDENTE
JOSÉ BONIFÁCIO,Unkown,2014-01-21,14:30:00,INCIDENTE GRAVE
SÃO PAULO,SBSP,2014-01-22,22:10:00,INCIDENTE
SÃO PAULO,SBMT,2014-01-22,21:55:00,INCIDENTE
SÃO PAULO,SBMT,2014-01-26,19:40:00,INCIDENTE
PIRACICABA,SDPW,2014-01-26,14:04:00,INCIDENTE
GUARUJÁ,SBST,2014-01-29,17:00:00,INCIDENTE GRAVE
ATIBAIA,SDTB,2014-02-01,20:00:00,INCIDENTE
BATATAIS,SDBA,2014-02-04,20:20:00,INCIDENTE GRAVE
GUARULHOS,SBGR,2014-02-05,13:00:00,INCIDENTE
RIBEIRÃO PRETO,SBRP,2014-02-10,21:44:00,INCIDENTE
ARARAQUARA,SBAQ,2014-02-13,17:45:00,INCIDENTE GRAVE
SOROCABA,SDCO,2014-02-21,20:44:00,INCIDENTE GRAVE
MARÍLIA,Unkown,2014-03-09,17:10:00,INCIDENTE GRAVE
RIBEIRÃO PRETO,Unkown,2014-03-09,14:21:00,INCIDENTE
UBATUBA,Unkown,2014-03-11,18:50:00,INCIDENTE
CAMPINAS,SBKP,2014-03-13,21:57:00,INCIDENTE
BOTUCATU,SDBK,2014-03-22,19:50:00,INCIDENTE
CAMPINAS,SBKP,2014-03-30,22:54:00,INCIDENTE
GUARULHOS,Unkown,2014-04-04,06:25:00,INCIDENTE
GUARULHOS,SBGR,2014-04-09,16:17:00,INCIDENTE GRAVE
GUARULHOS,SBGR,2014-04-19,14:41:00,INCIDENTE
SÃO PAULO,SBMT,2014-04-19,13:25:00,INCIDENTE
CAMPINAS,SBKP,2014-04-26,21:44:00,INCIDENTE
SOROCABA,SDCO,2014-04-29,18:50:00,INCIDENTE
ITANHAÉM,SDIM,2014-05-01,14:42:00,INCIDENTE GRAVE
TAUBATÉ,Unkown,2014-05-03,14:50:00,INCIDENTE GRAVE
DIADEMA,Unkown,2014-05-04,16:00:00,INCIDENTE
SÃO JOSÉ DOS CAMPOS,SBSJ,2014-05-04,16:16:00,INCIDENTE
SÃO PAULO,SBMT,2014-05-08,11:27:00,INCIDENTE GRAVE
SÃO PAULO,SBMT,2014-05-14,20:20:00,INCIDENTE
SÃO JOSÉ DO RIO PRETO,SBSR,2014-05-17,11:53:00,INCIDENTE
JUNDIAÍ,SBJD,2014-05-17,18:42:00,INCIDENTE
CAMPINAS,SDAM,2014-05-28,13:25:00,INCIDENTE GRAVE
SÃO JOSÉ DOS CAMPOS,SBSJ,2014-05-29,13:32:00,INCIDENTE
SÃO JOSÉ DOS CAMPOS,SBSJ,2014-05-31,15:25:00,INCIDENTE
GUARULHOS,SBGR,2014-06-01,18:00:00,INCIDENTE
JUNDIAÍ,SBJD,2014-06-06,16:38:00,INCIDENTE GRAVE
ITÁPOLIS,SDIO,2014-06-11,22:30:00,INCIDENTE
JUNDIAÍ,SBJD,2014-06-14,15:30:00,INCIDENTE
NOVA GRANADA,Unkown,2014-06-15,19:50:00,INCIDENTE
SÃO PAULO,SBSP,2014-07-02,18:17:00,INCIDENTE
CAMPINAS,SBKP,2014-07-03,13:30:00,INCIDENTE
CAMPINAS,SBKP,2014-07-03,15:10:00,INCIDENTE
BAURU,SBBU,2014-07-03,16:55:00,INCIDENTE
RIBEIRÃO PRETO,SBRP,2014-07-05,19:30:00,INCIDENTE
GUARULHOS,SBGR,2014-07-08,15:29:00,INCIDENTE
GUARULHOS,Unkown,2014-07-16,15:20:00,INCIDENTE
RIO CLARO,Unkown,2014-07-20,19:30:00,INCIDENTE
CAMPINAS,SBKP,2014-07-22,19:35:00,INCIDENTE
CAMPINAS,SBKP,2014-08-01,01:01:00,INCIDENTE
RIO CLARO,SDED,2014-08-04,19:00:00,INCIDENTE
SÃO JOSÉ DO RIO PRETO,SBSR,2014-08-05,18:30:00,INCIDENTE GRAVE
JUNDIAÍ,SBJD,2014-08-06,19:00:00,INCIDENTE
GUARULHOS,SBGR,2014-08-08,15:53:00,INCIDENTE
RIBEIRÃO PRETO,SBRP,2014-08-11,16:37:00,INCIDENTE
RIBEIRÃO PRETO,SBRP,2014-08-11,19:49:00,INCIDENTE
SÃO JOÃO DA BOA VISTA,Unkown,2014-08-16,19:08:00,INCIDENTE GRAVE
RIO CLARO,SDRK,2014-08-20,16:50:00,INCIDENTE GRAVE
SÃO JOSÉ DOS CAMPOS,SBSJ,2014-08-23,15:40:00,INCIDENTE GRAVE
RIBEIRÃO PRETO,SBRP,2014-08-24,17:55:00,INCIDENTE
NAZARÉ PAULISTA,Unkown,2014-08-24,19:00:00,INCIDENTE
CAMPINAS,SBKP,2014-08-28,12:10:00,INCIDENTE
RIBEIRÃO PRETO,SBRP,2014-09-01,09:25:00,INCIDENTE
CAMPINAS,SDAM,2014-09-10,20:50:00,INCIDENTE
SÃO PAULO,SBSP,2014-09-11,21:30:00,INCIDENTE
SÃO PAULO,SBMT,2014-09-15,17:15:00,INCIDENTE
SÃO JOSÉ DO RIO PRETO,SBSR,2014-09-27,12:57:00,INCIDENTE
SÃO PAULO,SBSP,2014-09-30,11:00:00,INCIDENTE
RIBEIRÃO PRETO,Unkown,2014-10-03,20:00:00,INCIDENTE
CAMPINAS,SBKP,2014-10-06,13:18:00,INCIDENTE
JUNDIAÍ,SBJD,2014-10-06,16:00:00,INCIDENTE
SÃO PAULO,Unkown,2014-10-08,16:00:00,INCIDENTE
SÃO PAULO,Unkown,2014-10-10,10:00:00,INCIDENTE
CAMPINAS,Unkown,2014-10-14,14:30:00,INCIDENTE
BRAGANÇA PAULISTA,SBBP,2014-10-23,16:00:00,INCIDENTE GRAVE
ATIBAIA,SDTB,2014-10-28,18:20:00,INCIDENTE GRAVE
GUARULHOS,SBGR,2014-11-01,22:50:00,INCIDENTE
SÃO PAULO,SBMT,2014-11-02,11:30:00,INCIDENTE
RIBEIRÃO PRETO,SBRP,2014-11-04,03:18:00,INCIDENTE
GUARULHOS,SBGR,2014-11-11,15:00:00,INCIDENTE
SÃO PAULO,SBMT,2014-11-12,13:19:00,INCIDENTE
JUNDIAÍ,SBJD,2014-11-18,18:30:00,INCIDENTE
JUNDIAÍ,SBJD,2014-11-20,12:46:00,INCIDENTE
SÃO PAULO,SBMT,2014-11-30,16:40:00,INCIDENTE GRAVE
LINS,Unkown,2014-12-02,15:40:00,INCIDENTE GRAVE
CAMPINAS,SDAM,2014-12-02,16:20:00,INCIDENTE
SÃO PAULO,SBMT,2014-12-07,14:54:00,INCIDENTE GRAVE
SÃO JOSÉ DOS CAMPOS,SBSJ,2014-12-08,18:08:00,INCIDENTE
GUARULHOS,SBGR,2014-12-11,23:30:00,INCIDENTE
SÃO PAULO,SBSP,2014-12-16,16:45:00,INCIDENTE
SÃO JOSÉ DOS CAMPOS,SBSJ,2014-12-26,13:50:00,INCIDENTE GRAVE
RIBEIRÃO PRETO,Unkown,2014-12-29,14:40:00,INCIDENTE
JUNDIAÍ,SBJD,2015-01-05,10:19:00,INCIDENTE
BRAGANÇA PAULISTA,Unkown,2015-01-06,11:30:00,INCIDENTE
SÃO PAULO,SBMT,2015-01-09,23:25:00,INCIDENTE
BAURU,SBBU,2015-01-11,22:05:00,INCIDENTE
JUNDIAÍ,SBJD,2015-01-17,18:40:00,INCIDENTE
JUNDIAÍ,SBJD,2015-01-17,17:05:00,INCIDENTE
CAMPINAS,SBKP,2015-01-19,13:30:00,INCIDENTE
RIO CLARO,SDRK,2015-01-22,18:00:00,INCIDENTE
SÃO PAULO,Unkown,2015-02-01,12:15:00,INCIDENTE
SÃO PAULO,SBMT,2015-02-06,16:28:00,INCIDENTE
CAMPINAS,Unkown,2015-02-11,11:55:00,INCIDENTE
SÃO JOSÉ DOS CAMPOS,SBSJ,2015-02-19,17:48:00,INCIDENTE
GUARULHOS,SBGR,2015-02-22,15:35:00,INCIDENTE
GUARULHOS,SBGR,2015-02-24,19:30:00,INCIDENTE
CAMPINAS,Unkown,2015-02-26,22:31:00,INCIDENTE
SÃO PAULO,SBSP,2015-02-27,08:50:00,INCIDENTE
SÃO PAULO,Unkown,2015-02-27,14:10:00,INCIDENTE
GUARULHOS,SBGR,2015-02-27,21:27:00,INCIDENTE
SOROCABA,SDCO,2015-03-13,14:40:00,INCIDENTE
CAMPINAS,SBKP,2015-03-28,16:26:00,INCIDENTE
JUNDIAÍ,SBJD,2015-03-28,17:32:00,INCIDENTE
JUNDIAÍ,SBJD,2015-03-28,15:51:00,INCIDENTE
BAURU,SBBU,2015-03-30,19:40:00,INCIDENTE
VERA CRUZ,SDVE,2015-04-02,17:30:00,INCIDENTE GRAVE
SÃO JOAQUIM DA BARRA,SDJO,2015-04-05,11:00:00,INCIDENTE GRAVE
SÃO PAULO,SBMT,2015-04-09,19:20:00,INCIDENTE
SÃO PAULO,SBSP,2015-04-10,21:18:00,INCIDENTE
TABOÃO DA SERRA,SIBH,2015-04-24,17:00:00,INCIDENTE
GUARULHOS,SBGR,2015-04-30,22:00:00,INCIDENTE
JUNDIAÍ,SBJD,2015-05-02,14:25:00,INCIDENTE
SANTOS,SBST,2015-05-07,11:30:00,INCIDENTE
SÃO PAULO,Unkown,2015-05-07,13:40:00,INCIDENTE
GUARULHOS,SNBR,2015-05-12,15:30:00,INCIDENTE
SÃO PAULO,SBMT,2015-05-20,16:40:00,INCIDENTE
SÃO ROQUE,Unkown,2015-05-21,17:15:00,INCIDENTE
SÃO JOSÉ DOS CAMPOS,Unkown,2015-05-21,11:50:00,INCIDENTE
SÃO PAULO,SBMT,2015-05-23,15:30:00,INCIDENTE
CAMPINAS,SBKP,2015-05-24,18:00:00,INCIDENTE
ITUPEVA,Unkown,2015-05-25,19:14:00,INCIDENTE
GUARATINGUETÁ,SBGW,2015-06-10,19:15:00,INCIDENTE GRAVE
CAMPINAS,SBGR,2015-06-14,12:27:00,INCIDENTE
SÃO PAULO,SBMT,2015-06-21,18:20:00,INCIDENTE
SÃO PAULO,SBMT,2015-06-25,14:25:00,INCIDENTE
SÃO PAULO,SBGR,2015-06-26,03:05:00,INCIDENTE
SÃO PAULO,SBMT,2015-06-30,12:45:00,INCIDENTE
SÃO PAULO,SBMT,2015-07-06,12:50:00,INCIDENTE
RIBEIRÃO PRETO,SBRP,2015-07-07,12:40:00,INCIDENTE GRAVE
SÃO JOSÉ DOS CAMPOS,SBSP,2015-07-10,19:58:00,INCIDENTE
GUARULHOS,SBGR,2015-07-11,04:22:00,INCIDENTE
SÃO PAULO,SBSP,2015-07-11,16:51:00,INCIDENTE
SÃO PAULO,SBMT,2015-07-20,14:05:00,INCIDENTE
SÃO JOSÉ DOS CAMPOS,SBSJ,2015-07-27,15:45:00,INCIDENTE
SÃO PAULO,SBMT,2015-07-28,19:07:00,INCIDENTE
JUNDIAÍ,SBJD,2015-08-11,12:20:00,INCIDENTE GRAVE
ITÁPOLIS,SDIO,2015-08-17,12:45:00,INCIDENTE GRAVE
RIBEIRÃO PRETO,SBRP,2015-08-18,23:00:00,INCIDENTE
JUNDIAÍ,SBJD,2015-08-23,20:05:00,INCIDENTE
JUNDIAÍ,SBJD,2015-09-01,14:50:00,INCIDENTE
SÃO PAULO,SBGR,2015-09-08,19:25:00,INCIDENTE
JUNDIAÍ,SBJD,2015-09-20,21:05:00,INCIDENTE
BAURU,Unkown,2015-09-25,10:08:00,INCIDENTE
CAMPINAS,SBKP,2015-10-01,21:25:00,INCIDENTE
RIBEIRÃO PRETO,SBRP,2015-10-01,19:30:00,INCIDENTE
JUNDIAÍ,SBJD,2015-10-11,18:20:00,INCIDENTE
SÃO PAULO,SBMT,2015-10-14,11:50:00,INCIDENTE
GUARATINGUETÁ,SBGW,2015-10-18,15:30:00,INCIDENTE GRAVE
GUARULHOS,SBGR,2015-10-22,16:52:00,INCIDENTE
RIBEIRÃO PRETO,SBRP,2015-10-24,12:36:00,INCIDENTE
GUARULHOS,SBGR,2015-10-29,01:40:00,INCIDENTE
SÃO PAULO,SBSP,2015-11-02,18:35:00,INCIDENTE
BRAGANÇA PAULISTA,SBBP,2015-11-05,19:15:00,INCIDENTE GRAVE
SÃO PAULO,SBSP,2015-11-06,18:20:00,INCIDENTE
SÃO JOSÉ DO RIO PRETO,SBSR,2015-11-24,20:31:00,INCIDENTE
RIBEIRÃO PRETO,SBRP,2015-11-25,10:32:00,INCIDENTE
RIBEIRÃO PRETO,SBRP,2015-11-27,11:50:00,INCIDENTE
SÃO PAULO,SBMT,2015-11-29,11:10:00,INCIDENTE
GUARULHOS,SBGR,2015-12-01,02:48:00,INCIDENTE
JUNDIAÍ,SBJD,2015-12-02,17:42:00,INCIDENTE
CAMPINAS,SBKP,2015-12-08,16:19:00,INCIDENTE
SÃO PAULO,SBSP,2015-12-12,15:30:00,INCIDENTE
MARÍLIA,SBML,2015-12-13,13:50:00,INCIDENTE
LOUVEIRA,SDAM,2015-12-15,14:20:00,INCIDENTE
JUNDIAÍ,SBJD,2015-12-18,18:45:00,INCIDENTE
RIBEIRÃO PRETO,SBRP,2015-12-22,06:27:00,INCIDENTE
SÃO PAULO,SBMT,2015-12-22,13:07:00,INCIDENTE
ITABERÁ,Unkown,2015-12-24,14:00:00,INCIDENTE GRAVE
GUARULHOS,SBGR,2015-12-25,19:00:00,INCIDENTE
AVARÉ,SBDN,2016-01-02,16:00:00,INCIDENTE
JUNDIAÍ,SBJD,2016-01-21,12:58:00,INCIDENTE GRAVE
RIBEIRÃO PRETO,SBPP,2016-01-21,19:01:00,INCIDENTE
SÃO PAULO,SBMT,2016-01-23,14:15:00,INCIDENTE
SÃO PAULO,SBMT,2016-01-28,19:40:00,INCIDENTE
CAMPINAS,SBKP,2016-01-31,14:20:00,INCIDENTE
SÃO PAULO,Unkown,2016-02-08,13:20:00,INCIDENTE
ITANHAÉM,SDIM,2016-02-10,13:00:00,INCIDENTE
SÃO PAULO,SBMT,2016-02-13,18:10:00,INCIDENTE
JUNDIAÍ,SBJD,2016-02-21,15:40:00,INCIDENTE
ITATIBA,Unkown,2016-02-22,11:00:00,INCIDENTE
SÃO PAULO,SBSP,2016-03-01,14:15:00,INCIDENTE
SÃO PAULO,SBMT,2016-03-09,16:10:00,INCIDENTE
CAMPINAS,SBKP,2016-03-11,22:02:00,INCIDENTE
SÃO PAULO,SBGR,2016-03-13,16:50:00,INCIDENTE
CAMPINAS,SBKP,2016-03-21,10:13:00,INCIDENTE
RIBEIRÃO PRETO,SBRP,2016-03-24,14:50:00,INCIDENTE
ARARAS,SDAA,2016-03-25,12:50:00,INCIDENTE GRAVE
SÃO JOSÉ DOS CAMPOS,SBSJ,2016-03-25,13:40:00,INCIDENTE
PIRACICABA,SDPW,2016-03-27,16:35:00,INCIDENTE
IBITINGA,SDIG,2016-04-02,13:00:00,INCIDENTE
GUARULHOS,SBGR,2016-04-12,11:30:00,INCIDENTE
SÃO PAULO,SBMT,2016-04-13,19:40:00,INCIDENTE
SÃO PAULO,SBSP,2016-04-14,10:06:00,INCIDENTE
SÃO PAULO,SBSP,2016-04-14,19:42:00,INCIDENTE
JUNDIAÍ,SBJD,2016-04-14,19:35:00,INCIDENTE
SÃO PAULO,SBSP,2016-04-28,23:13:00,INCIDENTE
CAJAMAR,Unkown,2016-05-05,19:00:00,INCIDENTE
CAMPINAS,SDAM,2016-05-14,12:30:00,INCIDENTE GRAVE
PIRACICABA,SDPW,2016-06-25,13:59:00,INCIDENTE GRAVE
BRAGANÇA PAULISTA,SBBP,2016-06-30,15:25:00,INCIDENTE GRAVE
BARRETOS,SNBA,2016-07-12,17:00:00,INCIDENTE
SÃO PAULO,SBGR,2016-07-26,19:40:00,INCIDENTE
SÃO PAULO,SBSP,2016-08-15,18:35:00,INCIDENTE
GUARULHOS,SBGR,2016-08-27,13:53:00,INCIDENTE
SÃO PAULO,SBSP,2016-09-01,13:26:00,INCIDENTE
SÃO PAULO,SBMT,2016-09-08,18:02:00,INCIDENTE
JUNDIAÍ,SBJD,2016-09-15,14:05:00,INCIDENTE
GUARULHOS,SBGR,2016-09-18,02:37:00,INCIDENTE
GUARULHOS,SBGR,2016-09-23,23:13:00,INCIDENTE
BRAGANÇA PAULISTA,SDVH,2016-09-24,13:35:00,INCIDENTE GRAVE
SÃO PAULO,Unkown,2016-09-28,15:06:00,INCIDENTE
BRAGANÇA PAULISTA,SBBP,2016-09-29,13:05:00,INCIDENTE
TAUBATÉ,SBTA,2016-10-12,16:30:00,INCIDENTE
RIBEIRÃO PRETO,SBRP,2016-10-12,02:50:00,INCIDENTE
SÃO PAULO,SBMT,2016-10-13,18:47:00,INCIDENTE
GUARULHOS,SBGR,2016-10-15,02:10:00,INCIDENTE
BRAGANÇA PAULISTA,SDVH,2016-10-17,19:30:00,INCIDENTE GRAVE
CAMPINAS,SBKP,2016-10-25,10:40:00,INCIDENTE
GUARULHOS,SBGR,2016-10-27,13:40:00,INCIDENTE
CAMPINAS,SBKP,2016-10-28,19:50:00,INCIDENTE
SÃO PAULO,SBMT,2016-10-28,19:53:00,INCIDENTE
SÃO JOSÉ DOS CAMPOS,SBSJ,2016-11-04,21:55:00,INCIDENTE
SÃO PAULO,SBMT,2016-11-06,16:06:00,INCIDENTE
JUNDIAÍ,SBJD,2016-11-07,11:30:00,INCIDENTE
UBATUBA,SDUB,2016-11-09,14:35:00,INCIDENTE
CAMPINAS,SBKP,2016-11-10,20:40:00,INCIDENTE
ANDRADINA,SDDN,2016-11-17,18:00:00,INCIDENTE
JUNDIAÍ,SBJD,2016-11-20,18:00:00,INCIDENTE
SÃO JOSÉ DOS CAMPOS,SBSJ,2016-11-28,16:07:00,INCIDENTE GRAVE
SÃO PAULO,SBMT,2016-12-01,14:45:00,INCIDENTE
BRAGANÇA PAULISTA,SBBP,2016-12-02,20:46:00,INCIDENTE GRAVE
SÃO PAULO,SBSP,2016-12-04,11:54:00,INCIDENTE
SOROCABA,SDCO,2016-12-07,15:43:00,INCIDENTE
GUARULHOS,SBGR,2016-12-07,20:45:00,INCIDENTE
BRAGANÇA PAULISTA,SBBP,2016-12-07,19:10:00,INCIDENTE GRAVE
SÃO JOSÉ DOS CAMPOS,SBSJ,2016-12-15,13:30:00,INCIDENTE
JUNDIAÍ,SBJD,2016-12-15,14:20:00,INCIDENTE
SÃO PAULO,SBMT,2016-12-19,09:48:00,INCIDENTE
SÃO PAULO,SBMT,2016-12-23,14:57:00,INCIDENTE
SÃO JOSÉ DOS CAMPOS,SBSJ,2017-01-13,14:45:00,INCIDENTE
RIBEIRÃO PRETO,SBRP,2017-01-14,15:06:00,INCIDENTE
SÃO PAULO,SBMT,2017-01-16,12:30:00,INCIDENTE
GUARULHOS,SBGR,2017-01-18,15:47:00,INCIDENTE
ITUPEVA,SBJD,2017-01-19,15:20:00,INCIDENTE
GUARULHOS,SBBR,2017-02-09,00:11:00,INCIDENTE GRAVE
SÃO PAULO,SDIH,2017-02-10,13:39:00,INCIDENTE
GUARULHOS,SBGR,2017-02-15,20:00:00,INCIDENTE
BRAGANÇA PAULISTA,SBBP,2017-02-20,21:40:00,INCIDENTE
SÃO PAULO,SBSP,2017-02-22,21:48:00,INCIDENTE GRAVE
ARARAQUARA,SBAQ,2017-02-22,10:30:00,INCIDENTE
GUARULHOS,SBGR,2017-02-23,10:17:00,INCIDENTE
SÃO PAULO,SBSP,2017-03-03,00:03:00,INCIDENTE
RIBEIRÃO PRETO,SBRP,2017-03-12,13:00:00,INCIDENTE
GUARULHOS,SBGR,2017-03-18,04:17:00,INCIDENTE
GUARULHOS,SBGR,2017-03-21,01:30:00,INCIDENTE GRAVE
SÃO PAULO,SBSP,2017-03-21,16:48:00,INCIDENTE
SÃO PAULO,SBSP,2017-03-22,14:54:00,INCIDENTE
CAMPINAS,SBKP,2017-03-24,12:45:00,INCIDENTE
CAMPINAS,SBKP,2017-03-24,13:20:00,INCIDENTE
JUNDIAÍ,SBJD,2017-04-05,15:00:00,INCIDENTE
SÃO PAULO,SBSP,2017-04-06,18:24:00,INCIDENTE
GUARULHOS,SBGR,2017-04-11,15:32:00,INCIDENTE
GUARULHOS,SBGR,2017-04-17,04:16:00,INCIDENTE
GUARULHOS,SBGR,2017-04-22,16:38:00,INCIDENTE
SÃO PAULO,Unkown,2017-04-25,15:30:00,INCIDENTE
SÃO PAULO,Unkown,2017-04-28,10:00:00,INCIDENTE
SÃO PAULO,SBSP,2017-04-29,22:45:00,INCIDENTE
ITAPEVA,Unkown,2017-05-04,12:00:00,INCIDENTE GRAVE
CAMPINAS,SBKP,2017-05-04,17:33:00,INCIDENTE
SÃO PAULO,SBMT,2017-05-06,15:40:00,INCIDENTE
GUARULHOS,SBGR,2017-05-08,10:12:00,INCIDENTE
SÃO PAULO,SBSP,2017-05-11,14:35:00,INCIDENTE
SÃO JOSÉ DOS CAMPOS,SBSJ,2017-05-12,20:46:00,INCIDENTE
SÃO PAULO,SBMT,2017-05-15,18:36:00,INCIDENTE
SÃO PAULO,SBGR,2017-05-20,19:35:00,INCIDENTE
SÃO PAULO,SBGR,2017-05-20,15:57:00,INCIDENTE
SÃO PAULO,SBMT,2017-05-25,19:30:00,INCIDENTE
ITANHAÉM,SDIM,2017-05-27,13:20:00,INCIDENTE
GUARULHOS,SBGR,2017-05-31,15:09:00,INCIDENTE
CAMPINAS,SBKP,2017-06-05,15:45:00,INCIDENTE
CAMPINAS,SBKP,2017-06-07,12:40:00,INCIDENTE
PRESIDENTE PRUDENTE,SBDN,2017-06-07,17:38:00,INCIDENTE
SÃO PAULO,SBSP,2017-06-09,00:13:00,INCIDENTE
CAMPINAS,SBKP,2017-06-11,04:15:00,INCIDENTE
BAURU,SBBU,2017-06-28,11:35:00,INCIDENTE
SÃO VICENTE,Unkown,2017-06-30,11:30:00,INCIDENTE
SÃO PAULO,SBGR,2017-07-09,23:30:00,INCIDENTE
GUARULHOS,SBGR,2017-07-16,03:09:00,INCIDENTE
GUARULHOS,SBGR,2017-07-17,14:30:00,INCIDENTE
CAMPINAS,SBKP,2017-07-25,08:43:00,INCIDENTE
GUARULHOS,SBGR,2017-08-01,22:32:00,INCIDENTE
JUNDIAÍ,SBJD,2017-08-02,21:10:00,INCIDENTE GRAVE
SÃO PAULO,SBMT,2017-08-03,11:30:00,INCIDENTE
CAMPINAS,SDAM,2017-08-12,23:00:00,INCIDENTE
SÃO PAULO,SBGR,2017-08-20,10:49:00,INCIDENTE
SÃO PAULO,SBMT,2017-08-29,13:30:00,INCIDENTE
SÃO JOSÉ DOS CAMPOS,SBSJ,2017-09-11,13:00:00,INCIDENTE
SÃO JOSÉ DOS CAMPOS,SBSJ,2017-09-11,13:05:00,INCIDENTE
GUARULHOS,SBGR,2017-09-17,23:21:00,INCIDENTE
GUARULHOS,SBGR,2017-09-21,22:00:00,INCIDENTE
SÃO PAULO,SIBH,2017-09-22,20:10:00,INCIDENTE
ARARAQUARA,SBAQ,2017-09-24,12:40:00,INCIDENTE
BRAGANÇA PAULISTA,SBBP,2017-09-27,21:00:00,INCIDENTE
SÃO PAULO,SBSP,2017-10-11,13:20:00,INCIDENTE
SÃO PAULO,SBMT,2017-10-29,18:25:00,INCIDENTE
SÃO PAULO,SBMT,2017-11-15,21:15:00,INCIDENTE
SÃO PAULO,SBSP,2017-11-27,18:40:00,INCIDENTE
SÃO PAULO,Unkown,2017-11-30,21:33:00,INCIDENTE GRAVE
SÃO PAULO,SBMT,2017-12-10,11:52:00,INCIDENTE
SÃO PAULO,SBSP,2017-12-10,13:30:00,INCIDENTE
CAMPINAS,SDAM,2017-12-11,16:25:00,INCIDENTE GRAVE
SÃO PAULO,SIBH,2017-12-26,14:16:00,INCIDENTE
UBATUBA,SDUB,2017-12-29,17:30:00,INCIDENTE GRAVE
GUARULHOS,SBGR,2018-01-05,03:17:00,INCIDENTE
GUARULHOS,SBGR,2018-01-12,06:00:00,INCIDENTE
GUARULHOS,SBGR,2018-01-17,09:05:00,INCIDENTE
SÃO PAULO,SBMT,2018-02-01,13:50:00,INCIDENTE
BRAGANÇA PAULISTA,SBBP,2018-02-03,15:00:00,INCIDENTE GRAVE
SÃO JOSÉ DO RIO PRETO,SBSR,2018-02-08,18:00:00,INCIDENTE
SÃO PAULO,SBMT,2018-02-09,19:07:00,INCIDENTE
PARAGUAÇU PAULISTA,Unkown,2018-02-14,15:45:00,INCIDENTE GRAVE
SÃO PAULO,SBSP,2018-02-17,19:46:00,INCIDENTE
SÃO PAULO,Unkown,2018-02-22,16:30:00,INCIDENTE
SÃO PAULO,SBSP,2018-02-26,22:30:00,INCIDENTE GRAVE
GUARULHOS,SBGR,2018-03-01,21:12:00,INCIDENTE
CAMPINAS,SBKP,2018-03-07,16:50:00,INCIDENTE
SÃO PAULO,SBMT,2018-03-11,17:30:00,INCIDENTE
TATUÍ,SDTF,2018-03-11,18:00:00,INCIDENTE
CAMPINAS,SDAM,2018-03-16,15:35:00,INCIDENTE
BRAGANÇA PAULISTA,SDVH,2018-03-17,15:20:00,INCIDENTE GRAVE
SÃO PAULO,SBSP,2018-03-21,20:00:00,INCIDENTE
SÃO PAULO,Unkown,2018-03-21,22:10:00,INCIDENTE
SÃO JOSÉ DOS CAMPOS,SBSJ,2018-03-24,16:57:00,INCIDENTE
SÃO PAULO,SBSP,2018-03-28,17:50:00,INCIDENTE
JUNDIAÍ,SBJD,2018-04-05,20:23:00,INCIDENTE
SÃO PAULO,SBMT,2018-04-08,18:20:00,INCIDENTE
SÃO PAULO,SBMT,2018-04-17,17:15:00,INCIDENTE
JUNDIAÍ,SBJD,2018-04-20,15:38:00,INCIDENTE GRAVE
GAVIÃO PEIXOTO,SBGP,2018-05-05,14:10:00,INCIDENTE
SOROCABA,SDCO,2018-05-16,14:35:00,INCIDENTE
SÃO PAULO,SBMT,2018-05-16,17:10:00,INCIDENTE
SÃO PAULO,SBMT,2018-05-17,15:50:00,INCIDENTE
SÃO PAULO,SBMT,2018-05-17,19:40:00,INCIDENTE
SÃO PAULO,Unkown,2018-06-01,15:00:00,INCIDENTE GRAVE
SÃO PAULO,SBMT,2018-06-02,12:25:00,INCIDENTE
BARRETOS,SNBA,2018-06-03,14:00:00,INCIDENTE GRAVE
MARÍLIA,SBML,2018-06-05,15:30:00,INCIDENTE
SÃO PAULO,SBMT,2018-06-09,21:05:00,INCIDENTE
SÃO PAULO,SBMT,2018-06-10,19:09:00,INCIDENTE
GUARULHOS,Unkown,2018-06-16,10:15:00,INCIDENTE
SÃO PAULO,Unkown,2018-06-19,16:25:00,INCIDENTE
BRAGANÇA PAULISTA,SBBP,2018-06-22,17:15:00,INCIDENTE
SÃO PAULO,SBMT,2018-06-26,09:10:00,INCIDENTE
SÃO PAULO,SBMT,2018-07-02,17:33:00,INCIDENTE
GUARATINGUETÁ,SBGW,2018-07-08,17:42:00,INCIDENTE
BRAGANÇA PAULISTA,SBBP,2018-07-20,13:30:00,INCIDENTE
SÃO PAULO,SBMT,2018-07-20,14:25:00,INCIDENTE
PORTO FELIZ,SJBM,2018-07-23,17:20:00,INCIDENTE
CAMPINAS,SBKP,2018-07-24,03:10:00,INCIDENTE
SÃO JOSÉ DOS CAMPOS,SBSJ,2018-07-25,12:38:00,INCIDENTE
SÃO PAULO,SBMT,2018-07-28,17:00:00,INCIDENTE
BRAGANÇA PAULISTA,SBBP,2018-08-11,20:15:00,INCIDENTE GRAVE
SÃO JOSÉ DO RIO PRETO,SBSR,2018-08-21,19:40:00,INCIDENTE GRAVE
JUNDIAÍ,SBJD,2018-08-24,16:00:00,INCIDENTE
BARRETOS,Unkown,2018-08-25,06:00:00,INCIDENTE GRAVE
SÃO JOSÉ DO RIO PRETO,SBSR,2018-08-27,18:40:00,INCIDENTE
GUARULHOS,SBGR,2018-08-29,07:30:00,INCIDENTE
SÃO PAULO,SBMT,2018-09-06,16:28:00,INCIDENTE GRAVE
GUARULHOS,SBGR,2018-09-15,22:40:00,INCIDENTE
SÃO PAULO,SBGR,2018-09-26,15:47:00,INCIDENTE GRAVE
BEBEDOURO,SDBB,2018-09-26,16:30:00,INCIDENTE GRAVE
SÃO JOSÉ DO RIO PRETO,SBSR,2018-09-27,10:45:00,INCIDENTE
GUARATINGUETÁ,SBGW,2018-09-28,20:42:00,INCIDENTE
SÃO PAULO,SBMT,2018-10-18,22:45:00,INCIDENTE
AMERICANA,Unkown,2018-10-18,12:30:00,INCIDENTE
CAMPINAS,Unkown,2018-10-26,22:33:00,INCIDENTE
JUNDIAÍ,SBJD,2018-11-01,11:25:00,INCIDENTE
JUNDIAÍ,SBJD,2018-11-02,04:58:00,INCIDENTE
JUNDIAÍ,SBJD,2018-11-14,09:40:00,INCIDENTE
CAMPINAS,SBKP,2018-11-14,17:45:00,INCIDENTE
SÃO PAULO,SBMT,2018-11-15,12:29:00,INCIDENTE
SÃO JOSÉ DOS CAMPOS,SBSJ,2018-11-16,20:00:00,INCIDENTE
RIBEIRÃO PRETO,SBRP,2018-11-16,14:05:00,INCIDENTE
BRAGANÇA PAULISTA,Unkown,2018-11-17,14:00:00,INCIDENTE
SÃO PAULO,SBSP,2018-11-20,21:07:00,INCIDENTE
RIBEIRÃO PRETO,SBRP,2018-11-21,02:03:00,INCIDENTE
SÃO PAULO,SBMT,2018-11-24,14:00:00,INCIDENTE GRAVE
ANDRADINA,SDDN,2018-11-26,17:11:00,INCIDENTE
CAMPINAS,SBKP,2018-12-01,16:20:00,INCIDENTE
GUARULHOS,SBGR,2018-12-02,18:49:00,INCIDENTE
GUARULHOS,SBGR,2018-12-10,23:30:00,INCIDENTE
BIRITIBA-MIRIM,SDIH,2018-12-11,14:03:00,INCIDENTE
SÃO PAULO,SBMT,2018-12-12,18:11:00,INCIDENTE
ESPÍRITO SANTO DO TURVO,Unkown,2018-12-14,18:45:00,INCIDENTE GRAVE
GUARULHOS,SBGR,2018-12-26,11:20:00,INCIDENTE
GUARULHOS,SBGR,2018-12-27,03:15:00,INCIDENTE
GUARULHOS,Unkown,2018-12-30,17:30:00,INCIDENTE
ATIBAIA,SDTB,2019-01-08,12:35:00,INCIDENTE GRAVE
RIBEIRÃO PRETO,SBRP,2019-01-09,10:57:00,INCIDENTE
SÃO JOSÉ DOS CAMPOS,SBSJ,2019-01-16,15:00:00,INCIDENTE
SOROCABA,SDCO,2019-01-28,19:00:00,INCIDENTE
SÃO PAULO,SBMT,2019-02-09,23:14:00,INCIDENTE
SÃO PAULO,SBSP,2019-02-10,20:45:00,INCIDENTE
CAMPINAS,Unkown,2019-02-15,19:20:00,INCIDENTE
GUARULHOS,SBGR,2019-02-17,12:39:00,INCIDENTE
JUNDIAÍ,SBJD,2019-02-20,14:45:00,INCIDENTE
GUARULHOS,SBGR,2019-02-24,18:58:00,INCIDENTE
GUARULHOS,SBGR,2019-02-24,01:00:00,INCIDENTE
CAMPINAS,SBKP,2019-03-01,14:35:00,INCIDENTE
RIBEIRÃO PRETO,SBRP,2019-03-02,13:00:00,INCIDENTE
RIBEIRÃO PRETO,SBRP,2019-03-06,01:44:00,INCIDENTE
SÃO JOSÉ DOS CAMPOS,SBSJ,2019-03-08,18:00:00,INCIDENTE
GUARULHOS,Unkown,2019-03-09,10:40:00,INCIDENTE
CAMPINAS,SBKP,2019-03-09,02:30:00,INCIDENTE
CAMPINAS,SBKP,2019-03-12,22:57:00,INCIDENTE
CAMPINAS,SBKP,2019-03-12,22:30:00,INCIDENTE GRAVE
GUARULHOS,SBGR,2019-03-13,09:47:00,INCIDENTE
GAVIÃO PEIXOTO,SBGP,2019-03-26,12:45:00,INCIDENTE
JUNDIAÍ,SBJD,2019-04-03,13:40:00,INCIDENTE
UBATUBA,SDUB,2019-04-12,15:20:00,INCIDENTE
SÃO PAULO,SBMT,2019-04-15,18:30:00,INCIDENTE
SÃO PAULO,SBMT,2019-04-18,15:40:00,INCIDENTE
SÃO JOSÉ DO RIO PRETO,SBSR,2019-04-18,18:50:00,INCIDENTE
GUARULHOS,SBGR,2019-04-20,14:24:00,INCIDENTE
GUARULHOS,SBGR,2019-04-21,10:05:00,INCIDENTE
SÃO PAULO,SBGR,2019-04-23,01:00:00,INCIDENTE
SÃO PAULO,SBMT,2019-04-24,13:29:00,INCIDENTE
SÃO PAULO,SBGR,2019-04-30,21:03:00,INCIDENTE
GUARULHOS,SBGR,2019-05-04,21:00:00,INCIDENTE
RIBEIRÃO PRETO,SBRP,2019-05-07,00:55:00,INCIDENTE
GUARULHOS,Unkown,2019-05-20,22:06:00,INCIDENTE
GUARULHOS,SBGR,2019-05-20,19:25:00,INCIDENTE
RIBEIRÃO PRETO,Unkown,2019-05-27,11:42:00,INCIDENTE GRAVE
CAMPINAS,SBKP,2019-06-23,15:40:00,INCIDENTE
SÃO PAULO,SSUB,2019-06-30,19:45:00,INCIDENTE
SÃO PAULO,SBSP,2019-07-03,18:43:00,INCIDENTE
SÃO JOSÉ DOS CAMPOS,SBSJ,2019-07-22,15:07:00,INCIDENTE
SÃO PAULO,Unkown,2019-07-27,23:15:00,INCIDENTE
JACUPIRANGA,Unkown,2019-07-27,14:25:00,INCIDENTE GRAVE
SÃO PAULO,Unkown,2019-08-03,17:30:00,INCIDENTE
BOITUVA,SDCO,2019-08-03,21:09:00,INCIDENTE
CAMPINAS,Unkown,2019-08-04,16:08:00,INCIDENTE
JUNDIAÍ,SBJD,2019-08-05,19:28:00,INCIDENTE
SÃO PAULO,SBSP,2019-08-08,17:45:00,INCIDENTE
UBATUBA,SDUB,2019-08-09,12:35:00,INCIDENTE GRAVE
CABREÚVA,Unkown,2019-08-11,12:40:00,INCIDENTE GRAVE
SÃO PAULO,SBMT,2019-08-12,14:49:00,INCIDENTE
CAMPINAS,SBKP,2019-08-15,04:47:00,INCIDENTE
BRAGANÇA PAULISTA,SDVH,2019-08-25,20:50:00,INCIDENTE GRAVE
CAMPINAS,Unkown,2019-08-27,12:10:00,INCIDENTE
CAMPINAS,Unkown,2019-08-27,03:23:00,INCIDENTE
SÃO PAULO,SBMT,2019-09-10,20:01:00,INCIDENTE
GUARULHOS,SBGR,2019-09-11,03:09:00,INCIDENTE
SÃO PAULO,SBMT,2019-09-16,10:10:00,INCIDENTE
PIEDADE,Unkown,2019-09-16,17:19:00,INCIDENTE GRAVE
GUARULHOS,Unkown,2019-09-22,23:48:00,INCIDENTE
CAMPINAS,Unkown,2019-09-25,02:53:00,INCIDENTE
ARAÇATUBA,Unkown,2019-09-28,15:50:00,INCIDENTE
BRAGANÇA PAULISTA,SBBP,2019-09-29,13:15:00,INCIDENTE
CAMPINAS,Unkown,2019-10-15,22:18:00,INCIDENTE
GUARULHOS,Unkown,2019-10-15,00:36:00,INCIDENTE
CAMPINAS,Unkown,2019-10-16,09:20:00,INCIDENTE
CAMPINAS,SBKP,2019-10-17,19:47:00,INCIDENTE
CAMPINAS,Unkown,2019-10-17,00:36:00,INCIDENTE
SÃO CARLOS,SDSC,2019-10-17,00:00:00,INCIDENTE
JUNDIAÍ,SBJD,2019-10-18,20:15:00,INCIDENTE GRAVE
CAMPINAS,Unkown,2019-10-18,11:16:00,INCIDENTE
CAMPINAS,SBKP,2019-10-18,17:40:00,INCIDENTE
ARARAS,Unkown,2019-10-19,19:15:00,INCIDENTE GRAVE
SÃO JOSÉ DOS CAMPOS,Unkown,2019-10-19,14:00:00,INCIDENTE
BRAGANÇA PAULISTA,Unkown,2019-10-24,10:15:00,INCIDENTE
CAMPINAS,Unkown,2019-10-24,17:40:00,INCIDENTE
CAÇAPAVA,Unkown,2019-10-26,18:47:00,INCIDENTE GRAVE
CAMPINAS,Unkown,2019-10-28,02:15:00,INCIDENTE
SÃO PAULO,Unkown,2019-10-31,11:15:00,INCIDENTE GRAVE
GUARULHOS,Unkown,2019-11-01,18:36:00,INCIDENTE
BRAGANÇA PAULISTA,Unkown,2019-11-07,15:10:00,INCIDENTE
RIBEIRÃO PRETO,Unkown,2019-11-11,15:30:00,INCIDENTE
CAMPINAS,Unkown,2019-11-15,04:37:00,INCIDENTE
CAMPINAS,Unkown,2019-11-23,03:27:00,INCIDENTE
CAMPINAS,Unkown,2019-11-26,18:08:00,INCIDENTE
BRAGANÇA PAULISTA,Unkown,2019-12-16,09:00:00,INCIDENTE GRAVE
SÃO PAULO,Unkown,2019-12-17,10:45:00,INCIDENTE
SÃO PAULO,Unkown,2019-12-19,22:35:00,INCIDENTE
CAMPINAS,Unkown,2019-12-24,09:00:00,INCIDENTE
CAMPINAS,Unkown,2019-12-27,21:20:00,INCIDENTE
CAMPINAS,SBKP,2020-01-05,17:15:00,INCIDENTE
CAMPINAS,SBKP,2020-01-08,13:30:00,INCIDENTE
RIBEIRÃO PRETO,SBRP,2020-01-10,21:09:00,INCIDENTE
CAMPINAS,Unkown,2020-01-15,14:53:00,INCIDENTE
SÃO PAULO,SBMT,2020-01-15,18:13:00,INCIDENTE
CAMPINAS,Unkown,2020-01-22,03:24:00,INCIDENTE
CAMPINAS,Unkown,2020-01-23,14:00:00,INCIDENTE
SOROCABA,Unkown,2020-01-24,16:27:00,INCIDENTE
SÃO PAULO,Unkown,2020-01-26,19:08:00,INCIDENTE
CAMPINAS,Unkown,2020-01-27,02:21:00,INCIDENTE
CAMPINAS,Unkown,2020-01-28,17:00:00,INCIDENTE
GUARULHOS,Unkown,2020-01-28,15:40:00,INCIDENTE
CAMPINAS,Unkown,2020-01-29,19:02:00,INCIDENTE
CAMPINAS,SBKP,2020-01-31,01:42:00,INCIDENTE
CAMPINAS,Unkown,2020-02-01,02:12:00,INCIDENTE
SÃO PAULO,SBSP,2020-02-03,21:03:00,INCIDENTE
CAMPINAS,Unkown,2020-02-06,13:08:00,INCIDENTE
CAMPINAS,Unkown,2020-02-07,03:20:00,INCIDENTE
GUARULHOS,Unkown,2020-02-08,14:30:00,INCIDENTE
CAMPINAS,Unkown,2020-02-17,10:44:00,INCIDENTE
JUNDIAÍ,SBJD,2020-02-20,15:30:00,INCIDENTE
PIRACICABA,SDPW,2020-02-25,02:10:00,INCIDENTE
CAMPINAS,Unkown,2020-02-26,15:50:00,INCIDENTE
RIBEIRÃO PRETO,SBRP,2020-03-03,19:42:00,INCIDENTE
CAMPINAS,Unkown,2020-03-04,22:50:00,INCIDENTE
SÃO PAULO,Unkown,2020-03-09,11:00:00,INCIDENTE
ITÁPOLIS,SDIO,2020-03-09,12:30:00,INCIDENTE GRAVE
CAMPINAS,Unkown,2020-03-10,23:51:00,INCIDENTE
BRAGANÇA PAULISTA,SBBP,2020-03-12,12:30:00,INCIDENTE GRAVE
SÃO PAULO,Unkown,2020-03-14,14:35:00,INCIDENTE
CAMPINAS,Unkown,2020-03-15,01:35:00,INCIDENTE
GUARULHOS,Unkown,2020-03-16,14:40:00,INCIDENTE
GUARULHOS,Unkown,2020-03-20,16:29:00,INCIDENTE
CAMPINAS,SBKP,2020-03-23,12:45:00,INCIDENTE
GUARULHOS,SBGR,2020-03-24,14:25:00,INCIDENTE
SOROCABA,Unkown,2020-03-26,09:00:00,INCIDENTE
SÃO VICENTE,Unkown,2020-04-01,20:30:00,INCIDENTE
ITAÍ,Unkown,2020-04-01,20:01:00,INCIDENTE
SÃO PAULO,SBMT,2020-04-03,14:30:00,INCIDENTE
SÃO PAULO,SBMT,2020-04-09,14:30:00,INCIDENTE
TAMBAÚ,Unkown,2020-04-09,13:00:00,INCIDENTE
JUNDIAÍ,SBJD,2020-04-14,20:25:00,INCIDENTE
SÃO PAULO,SBMT,2020-04-22,16:20:00,INCIDENTE
RIBEIRÃO PRETO,SBRP,2020-04-24,17:41:00,INCIDENTE
GUARULHOS,SBGR,2020-04-29,14:45:00,INCIDENTE
BAURU,SBBU,2020-04-30,22:51:00,INCIDENTE
SÃO JOAQUIM DA BARRA,SDJO,2020-04-30,13:10:00,INCIDENTE GRAVE
SÃO PAULO,SBGR,2020-05-15,14:40:00,INCIDENTE
MATÃO,SDLY,2020-05-25,14:15:00,INCIDENTE
CAMPINAS,SBKP,2020-06-01,12:50:00,INCIDENTE
ARAÇATUBA,SBAU,2020-06-04,15:00:00,INCIDENTE
GUARULHOS,SBGR,2020-06-05,12:30:00,INCIDENTE
GUARULHOS,SBGR,2020-06-09,12:05:00,INCIDENTE
BRAGANÇA PAULISTA,SBBP,2020-06-10,15:00:00,INCIDENTE
SÃO PAULO,SBMT,2020-06-12,23:41:00,INCIDENTE
SANTOS,SBST,2020-06-12,19:30:00,INCIDENTE
BAURU,SBBU,2020-06-12,17:35:00,INCIDENTE
BAURU,SBBU,2020-06-15,18:20:00,INCIDENTE
PAULÍNIA,Unkown,2020-06-18,16:17:00,INCIDENTE GRAVE
QUADRA,SIVQ,2020-06-20,20:00:00,INCIDENTE GRAVE
SOROCABA,SDCO,2020-06-21,14:15:00,INCIDENTE
RIBEIRÃO PRETO,SBRP,2020-07-05,20:16:00,INCIDENTE
CAMPINAS,SBKP,2020-07-07,10:06:00,INCIDENTE
GUARULHOS,SBGR,2020-07-07,13:40:00,INCIDENTE
PIRACICABA,SDPW,2020-07-11,19:50:00,INCIDENTE GRAVE
CAMPINAS,SDAM,2020-07-21,19:00:00,INCIDENTE
GUARULHOS,SBGR,2020-07-26,13:00:00,INCIDENTE
BAURU,SBBU,2020-08-03,18:20:00,INCIDENTE GRAVE
SÃO JOSÉ DO RIO PRETO,SBSR,2020-08-06,20:55:00,INCIDENTE GRAVE
JUNDIAÍ,SBJD,2020-08-10,21:00:00,INCIDENTE
SÃO PAULO,SBGR,2020-08-12,14:20:00,INCIDENTE
JUNDIAÍ,SBJD,2020-08-13,11:50:00,INCIDENTE GRAVE
ITIRAPINA,SDJA,2020-08-15,23:40:00,INCIDENTE GRAVE
SÃO PAULO,SBGR,2020-08-23,13:35:00,INCIDENTE
CAMPINAS,SBKP,2020-08-24,13:15:00,INCIDENTE
SÃO PAULO,SBSP,2020-08-26,22:47:00,INCIDENTE
AMERICANA,SDAI,2020-08-28,11:10:00,INCIDENTE
BOITUVA,SDOI,2020-09-06,18:00:00,INCIDENTE
CAMPINAS,SBKP,2020-09-10,23:40:00,INCIDENTE
SÃO PAULO,Unkown,2020-09-12,13:10:00,INCIDENTE GRAVE
SOROCABA,SDCO,2020-09-19,14:20:00,INCIDENTE
REGENTE FEIJÓ,SDYJ,2020-09-27,19:33:00,INCIDENTE GRAVE
LINS,Unkown,2020-09-29,18:30:00,INCIDENTE
PIRAJUÍ,Unkown,2020-09-29,18:30:00,INCIDENTE
SÃO PAULO,SBSP,2020-10-01,20:05:00,INCIDENTE
CAMPINAS,SBKP,2020-10-02,19:02:00,INCIDENTE
CAMPINAS,SBKP,2020-10-02,10:50:00,INCIDENTE
SÃO PAULO,SBMT,2020-10-06,15:25:00,INCIDENTE
ARAÇATUBA,SBAU,2020-10-07,15:30:00,INCIDENTE
SÃO JOSÉ DOS CAMPOS,SBSJ,2020-10-14,12:06:00,INCIDENTE
RIBEIRÃO PRETO,SBRP,2020-10-28,16:15:00,INCIDENTE
CAMPINAS,SBKP,2020-11-04,22:39:00,INCIDENTE
BOITUVA,Unkown,2020-11-07,09:39:00,INCIDENTE
GUARULHOS,SBGR,2020-11-17,16:00:00,INCIDENTE
SÃO PAULO,Unkown,2020-11-17,16:00:00,INCIDENTE
GUARULHOS,SBGR,2020-11-30,17:00:00,INCIDENTE
SÃO PAULO,SBSP,2020-12-03,14:42:00,INCIDENTE GRAVE
SOROCABA,SDCO,2020-12-04,15:30:00,INCIDENTE GRAVE
SÃO PAULO,SBMT,2020-12-11,13:50:00,INCIDENTE GRAVE
SÃO PAULO,SBMT,2020-12-28,10:15:00,INCIDENTE
CAMPINAS,SBKP,2020-12-29,19:00:00,INCIDENTE
